id,sku,category_id,name_th,name_en,description_th,description_en,price,is_active,created_at,unit_id,image_url
801,,1,ลอดช่อง,Lodchong,,,2.50,true,2026-01-16 17:07:49.791721+00,25,
802,,1,รวมมิตร,RUM-MITR,,,1.50,true,2026-01-16 17:07:49.791721+00,25,
803,,1,ลูกชิด,Atap seed,,,4.50,true,2026-01-16 17:07:49.791721+00,25,
804,,1,กะหรี่ปั๊บ,Curry puff,,,0.60,true,2026-01-16 17:07:49.791721+00,30,
805,,1,ไข่หงส์,Kai Hong,,,0.60,true,2026-01-16 17:07:49.791721+00,30,
806,,1,ก้านบัว,Anklet bracelets,,,0.60,true,2026-01-16 17:07:49.791721+00,30,
807,,1,ทองหยิบ,Thong Yip,,,12.00,true,2026-01-16 17:07:49.791721+00,25,
808,,1,ทองหยอด,Thong Yod,,,10.00,true,2026-01-16 17:07:49.791721+00,25,
809,,1,เม็ดขนุน,Jackfruit seeds,,,12.00,true,2026-01-16 17:07:49.791721+00,25,
810,,1,ขนมเทียน,Candy candles,,,0.50,true,2026-01-16 17:07:49.791721+00,37,
811,,1,กล้วยฉาบ,Banana chips,,,9.00,true,2026-01-16 17:07:49.791721+00,25,
812,,1,โปเต้กระป๋อง,Potae Snack,,,36.00,true,2026-01-16 17:07:49.791721+00,26,
813,,1,โก๋แก่รสวาซาบิกระป๋อง,Koh-Kae Wasabi,,,64.00,true,2026-01-16 17:07:49.791721+00,26,
814,,1,โก๋แก่รสบาบิคิวกระป๋อง,Koh-Kae BBQ,,,70.00,true,2026-01-16 17:07:49.791721+00,26,
815,,1,โก๋แก่รสต้มยำกระป๋อง,Koh-Kae Tom Yum,,,64.00,true,2026-01-16 17:07:49.791721+00,26,
816,,1,โก๋แก่รสกุ้งกระป๋อง,Koh-Kae Shrimp,,,70.00,true,2026-01-16 17:07:49.791721+00,26,
817,,1,โก๋แก่รสโก่กระป๋อง,Koh-Kae Chicken,,,64.00,true,2026-01-16 17:07:49.791721+00,26,
818,,1,ขนมจีน 0.5 กก.,Thai Noodle (Kanom Chin),,,2.00,true,2026-01-16 17:07:49.791721+00,25,
819,,1,ยูโร่รสแคนตาลูป,Euro Cantaloupe,,,35.00,true,2026-01-16 17:07:49.791721+00,26,
820,,1,ยูโร่ช็อกโกแลต,Euro Chocolate,,,35.00,true,2026-01-16 17:07:49.791721+00,26,
821,,1,ยูโร่คัสตาสลังใหญ่,Euro Custard Large,,,35.00,true,2026-01-16 17:07:49.791721+00,26,
822,,1,ยูโร่เค้กกล้วยหอม,Euro Banana Cake,,,35.00,true,2026-01-16 17:07:49.791721+00,26,
823,,1,ยูโร่รสใบเตย,Euro Pandan,,,35.00,true,2026-01-16 17:07:49.791721+00,26,
824,,1,ปาร์ตี้กระป๋อง,Party Snack,,,27.00,true,2026-01-16 17:07:49.791721+00,26,
825,,1,ฮานามิ,Hanami,,,25.00,true,2026-01-16 17:07:49.791721+00,26,
826,,1,ฮอลถุง 100 เม็ด,Hall Candy Bag,,,3.00,true,2026-01-16 17:07:49.791721+00,30,
827,,1,สแน็คแจ๊ค,Snack Jack,,,25.00,true,2026-01-16 17:07:49.791721+00,26,
828,,1,ลอดช่องสิงคโปร์,Singaporean Cendol,,,1.80,true,2026-01-16 17:07:49.791721+00,25,
829,,1,บะจ่าง,Ba-Jang,,,0.30,true,2026-01-16 17:07:49.791721+00,25,
830,,1,ข้าวเกรียบมโนราห์รสฟักทอง,Manora Pumpkin Crackers,,,32.00,true,2026-01-16 17:07:49.791721+00,26,
831,,1,ข้าวเกรียบมโนราห์รสเผือก,Manora Taro Crackers,,,32.00,true,2026-01-16 17:07:49.791721+00,26,
832,,1,ขนมอาลัวใหญ่,A-Lua Dessert Large,,,15.00,true,2026-01-16 17:07:49.791721+00,26,
833,,1,ขนมอาลัวเล็ก,A-Lua Dessert Small,,,20.00,true,2026-01-16 17:07:49.791721+00,26,
834,,1,ปาปริก้ากระป๋อง,Paprika Snack,,,37.00,true,2026-01-16 17:07:49.791721+00,26,
835,,1,ข้าวแต๋น,Khao Tan,,,1.80,true,2026-01-16 17:07:49.791721+00,30,
836,,1,ข้าวตอก,Popped Rice,,,20.00,true,2026-01-16 17:07:49.791721+00,38,
837,,1,แจ็กซ์สีน้ำเงิน,Blue Jax,,,28.00,true,2026-01-16 17:07:49.791721+00,26,
838,,1,คอนเน่สาหร่าย,Seaweed Snack,,,15.00,true,2026-01-16 17:07:49.791721+00,26,
839,,1,เมล็ดทานตะวันชาซ่าแดง,Cha-Cha Red,,,20.00,true,2026-01-16 17:07:49.791721+00,26,
840,,1,กาละแม 0.5 กก.,Kalamae,,,7.00,true,2026-01-16 17:07:49.791721+00,25,
841,,1,ขนมงาขาวงาดำถั่วตัด,Sesame Sweets,,,10.00,true,2026-01-16 17:07:49.791721+00,30,
842,,1,กล้วยฉาบหักมุก,Banana Chips,,,5.00,true,2026-01-16 17:07:49.791721+00,29,
843,,1,ข้าวต้มมัด,Sticky Rice Bundle,,,1.50,true,2026-01-16 17:07:49.791721+00,35,
844,,1,ข้าวแต๋นธัญพืช,Whole Grain Rice Crackers,,,48.00,true,2026-01-16 17:07:49.791721+00,35,
845,,1,ข้าวหลามเล็ก,Khao Lam,,,1.50,true,2026-01-16 17:07:49.791721+00,37,
846,,2,ปูเค็ม,preserved crab,,,7.00,true,2026-01-16 17:07:49.791721+00,25,
847,,2,เส้นมหาชัย เขียว,MA-HA-CHAI NOODLE,,,2.50,true,2026-01-16 17:07:49.791721+00,25,
848,,2,เส้นมหาชัยแดง,Mahachai Red Line,,,2.50,true,2026-01-16 17:07:49.791721+00,25,
849,,2,เส้นผัดไทเสือน้ำเงิน,Tiger noodle,,,2.50,true,2026-01-16 17:07:49.791721+00,25,
850,,2,เส้นใหญ่เสือน้ำเงิน,big line blue tiger,,,2.00,true,2026-01-16 17:07:49.791721+00,25,
851,,2,เส้นใหญ่แดงตราเสือ,TIGER BRAND SMALL NOODLES,,,2.50,true,2026-01-16 17:07:49.791721+00,25,
852,,2,เส้นเล็กตราเสือแดง,Red Tiger Brand Small Line,,,2.50,true,2026-01-16 17:07:49.791721+00,25,
853,,2,เส้นผัดไทยตรากระต่าย,RABBIT BRAND PAD THAI NOODLES,,,2.50,true,2026-01-16 17:07:49.791721+00,25,
854,,2,เส้นก๋วยจั๊บตราเสือ,Tiger Brand Noodles,,,2.50,true,2026-01-16 17:07:49.791721+00,25,
855,,2,เส้น ช.รติเดช,Chor. Ratidet,,,1.80,true,2026-01-16 17:07:49.791721+00,29,
856,,2,เส้นแก้วคาอิโซ 300 กรัม,Kaiso glass noodles 300 grams,,,2.50,true,2026-01-16 17:07:49.791721+00,30,
857,,2,เส้นแก้วเส้นเล็กคาอิโซ 1 kg,Kaisho thin glass noodles 1 kg,,,5.00,true,2026-01-16 17:07:49.791721+00,29,
858,,2,ขนมจีนแห้งป้าเพ็ญศรี (ลัง)*50 ห่อ,Dried Khanom Jeen Aunt Pen Sri,,,60.00,true,2026-01-16 17:07:49.791721+00,26,
859,,2,ขนมจีนแห้ง อมอ*100ห่อ,Dried Khanom Jeen,,,80.00,true,2026-01-16 17:07:49.791721+00,26,
860,,2,ขนมจีนแห้งสิงค์โปร์ ลัง,Dried Singaporean rice noodles,,,33.00,true,2026-01-16 17:07:49.791721+00,26,
861,,2,ขนมจีน 0.5 กก.,THAI NOODLE (KANOM CHIN),,,2.00,true,2026-01-16 17:07:49.791721+00,25,
862,,2,ขนมจีน 1 กก.,THAI NOODLE (KANOM CHIN),,,2.00,true,2026-01-16 17:07:49.791721+00,25,
863,,2,ปลาจ่อม,fish jom,,,5.00,true,2026-01-16 17:07:49.791721+00,25,
864,,2,กุ้งจ่อม,shrimp,,,5.00,true,2026-01-16 17:07:49.791721+00,25,
865,,2,ปลาส้มชิ้น,BARB IN VINEGAR,,,7.00,true,2026-01-16 17:07:49.791721+00,25,
866,,2,ปลาส้มแท่ง,BARB IN VINEGAR,,,4.00,true,2026-01-16 17:07:49.791721+00,29,
867,,2,ปลาส้มตะเพียนกก.,BARB IN VINEGAR,,,8.00,true,2026-01-16 17:07:49.791721+00,25,
868,,2,ปลาร้าปลานิล,fermented tilapia fish,,,7.00,true,2026-01-16 17:07:49.791721+00,25,
869,,2,เนื้อปลากราย,Featherback Fish/pla Salat,,,16.00,true,2026-01-16 17:07:49.791721+00,25,
870,,2,ปลานิลแดดเดี่ยว,Single Sun Tilapia,,,8.00,true,2026-01-16 17:07:49.791721+00,25,
871,,2,ปลาช่อนแดดเดียว 0.5 kg,Sun-dried snakehead fish 0.5 kg,,,7.00,true,2026-01-16 17:07:49.791721+00,30,
872,,2,ปลาสลิดแดดเดียว,Sun-dried gourami,,,15.00,true,2026-01-16 17:07:49.791721+00,25,
873,,2,ปลาดุกแดดเดียว,Sun-dried catfish,,,9.00,true,2026-01-16 17:07:49.791721+00,25,
874,,2,ปลาทับทิมสด,Tilapia,,,7.00,true,2026-01-16 17:07:49.791721+00,25,
875,,2,ปลาทับทิม หั่น,Sliced ruby fish,,,7.00,true,2026-01-16 17:07:49.791721+00,25,
876,,2,ปลาดุกสด,Catfish,,,7.50,true,2026-01-16 17:07:49.791721+00,25,
877,,2,ปลาดุกหั่น,sliced catfish,,,8.50,true,2026-01-16 17:07:49.791721+00,25,
878,,2,ปลาช่อนสด,Fresh snakehead fish,,,9.00,true,2026-01-16 17:07:49.791721+00,25,
879,,2,ปลาทู,Mackerel,,,2.50,true,2026-01-16 17:07:49.791721+00,29,
880,,2,ปลาทูมัน,Mackerel,,,10.00,true,2026-01-16 17:07:49.791721+00,25,
881,,2,ปลาทูเค็มเล็ก,Salted fish,,,5.00,true,2026-01-16 17:07:49.791721+00,25,
882,,2,ปลาทูเค็มใหญ่,Salted fish,,,8.00,true,2026-01-16 17:07:49.791721+00,25,
883,,2,ปูจืด,freshwater crab,,,7.00,true,2026-01-16 17:07:49.791721+00,25,
884,,2,หอยดองขวดเล็ก,PICKLED CLAMS,,,1.50,true,2026-01-16 17:07:49.791721+00,28,
885,,2,หอยดองขวดใหญ่,PICKLED CLAMS,,,3.00,true,2026-01-16 17:07:49.791721+00,28,
886,,2,หอยเชอร์รี่,Hoy Cherry,,,8.00,true,2026-01-16 17:07:49.791721+00,25,
887,,2,กุ้งแม่น้ำ,river shrimp,,,26.00,true,2026-01-16 17:07:49.791721+00,25,
888,,2,กุ้งทะเล ตัวเล็ก,small sea shrimp,,,10.00,true,2026-01-16 17:07:49.791721+00,25,
889,,2,ทอดมันกุ้ง สุรพลฟู้ด,SURAPON FOODS,,,20.00,true,2026-01-16 17:07:49.791721+00,29,
890,,2,เนื้อปูก้อน Aro 500 กรัม,Aro lump crab meat 500 grams,,,19.00,true,2026-01-16 17:07:49.791721+00,30,
891,,2,แห้วจืดแช่แข็ง,Frozen unsalted water chestnuts,,,6.00,true,2026-01-16 17:07:49.791721+00,29,
892,,2,เครื่องแกงเขียวสด,CHILLI PASTE,,,4.00,true,2026-01-16 17:07:49.791721+00,25,
893,,2,เครื่องแกงแดงสด,Red curry paste,,,4.00,true,2026-01-16 17:07:49.791721+00,25,
894,,2,เครื่องแกงเผ็ด(ใต้),CHILLI PASTE,,,5.00,true,2026-01-16 17:07:49.791721+00,25,
895,,2,เครื่องแกงพะแนงสด,CHILLI PASTE,,,5.00,true,2026-01-16 17:07:49.791721+00,25,
896,,2,เครื่องแกงมัสมั่นสด,Masamal curry Paste,,,5.00,true,2026-01-16 17:07:49.791721+00,25,
897,,2,เครื่องแกงส้ม,CHILLI PASTE,,,4.00,true,2026-01-16 17:07:49.791721+00,25,
898,,2,เครื่องแกงน้ำยา,curry paste,,,5.00,true,2026-01-16 17:07:49.791721+00,25,
899,,2,แจ่วบอง,Jew Bong,,,10.00,true,2026-01-16 17:07:49.791721+00,25,
900,,2,น้ำพริกตาแดงกก,Red Eye Chili Paste,,,8.00,true,2026-01-16 17:07:49.791721+00,25,
901,,2,น้ำพริกกุ้งเสียบ,Shrimp paste with skewered shrimp,,,18.00,true,2026-01-16 17:07:49.791721+00,34,
902,,2,น้ำพริกแมงดา,Maeng Da Chili Paste,,,7.00,true,2026-01-16 17:07:49.791721+00,25,
903,,2,ตาแดงแมงดา,Red-eyed horseshoe crab,,,8.00,true,2026-01-16 17:07:49.791721+00,25,
904,,2,น้ำพริกกุ้งทรงเครื่อง,Shrimp chili paste with mixed ingredients,,,13.00,true,2026-01-16 17:07:49.791721+00,25,
905,,2,น้ำพริกนรกแมงดา,Hellish Chili Paste with Horseshoe Crab,,,13.00,true,2026-01-16 17:07:49.791721+00,25,
906,,2,น้ำพริกนรกปลาสลิด,Spicy chili paste with salted fish,,,18.00,true,2026-01-16 17:07:49.791721+00,25,
907,,2,น้ำพริกนรกปลาย่าง,Grilled Fish Chili Paste,,,13.00,true,2026-01-16 17:07:49.791721+00,25,
908,,2,หน่อไม้ในน้ำย่านาง,Bamboo shoots in Yanang leaf broth,,,2.50,true,2026-01-16 17:07:49.791721+00,30,
909,,2,หน่อฝอย,Shredded shoots,,,4.00,true,2026-01-16 17:07:49.791721+00,25,
910,,2,หน่อซุป,Bamboo shoot soup,,,4.00,true,2026-01-16 17:07:49.791721+00,25,
911,,3,น้ำปลาทิพรส 700 มล.,Tipaaros Fish sauce 700 ML,,,19.00,true,2026-01-16 17:07:49.791721+00,27,
912,,3,น้ำปลาทิพรส 300 มล.,Tipaaros Fish sauce 300 ML,,,20.00,true,2026-01-16 17:07:49.791721+00,27,
913,,3,น้ำปลาทิพรสจิ๋ว 60 มล.,Tipaaros Fish sauce 60 ml.,,,42.00,true,2026-01-16 17:07:49.791721+00,27,
914,,3,น้ำปลาตราปลาหมึก 700 มล.,Squid brand fish sauce 700 ml.,,,17.00,true,2026-01-16 17:07:49.791721+00,27,
915,,3,น้ำปลาตราปลาหมึก 280 มล.,Squid brand fish sauce 280 ml.,,,18.00,true,2026-01-16 17:07:49.791721+00,27,
916,,3,น้ำปลาทิพรส 4500 ml แกลอน,Tiparos fish sauce gallon,,,20.00,true,2026-01-16 17:07:49.791721+00,27,
917,,3,น้ำปลาเมกกาเชฟ 700 มล.,Megachef fish sauce 700 ml.,,,30.00,true,2026-01-16 17:07:49.791721+00,27,
918,,3,น้ำปลาเมกกาเชฟ 200 มล.,Megachef fish sauce 200 ml.,,,14.00,true,2026-01-16 17:07:49.791721+00,27,
919,,3,พริกเผาถัวฮะเส็ง 2700 มล.,Chua Hah Seng Chilli Oil 2700 ml.,,,80.00,true,2026-01-16 17:07:49.791721+00,27,
920,,3,พริกเผาถัวละเส็ง 900 มล.,Chua Hah Seng Chilli Oil 900 ml,,,70.00,true,2026-01-16 17:07:49.791721+00,27,
921,,3,น้ำพริกเผาตัวฮะเส็ง 720 มล.,Chua Hah Seng Chilli Oil 720ml.,,,42.00,true,2026-01-16 17:07:49.791721+00,27,
922,,3,น้ำพริกเผาแม่ประนอม 513 ml.,Maepranom Chili Paste 513 ml.,,,70.00,true,2026-01-16 17:07:49.791721+00,27,
923,,3,น้ำพริกเผาแม่ประนอม 228 ml.,Maepranom Chili Paste 228 ml.,,,65.00,true,2026-01-16 17:07:49.791721+00,27,
924,,3,น้ำพริกเผาแม่ประนอม (Chua Hah Seng) 900g,Chua Hah Seng Chilli Oil 900g,,,70.00,true,2026-01-16 17:07:49.791721+00,27,
925,,3,รสดีไก่ 850 กรัม,Ros Dee Chicken 850 g.,,,55.00,true,2026-01-16 17:07:49.791721+00,27,
926,,3,รสดีไก่ 425 กรัม,Ros Dee Chicken 425 g.,,,56.00,true,2026-01-16 17:07:49.791721+00,27,
927,,3,รสดีไก่ 165 กรัม,Ros Dee Chicken 165 g.,,,72.00,true,2026-01-16 17:07:49.791721+00,27,
928,,3,รสดีหมู 425 กรัม,Ros Dee Pork 425 g.,,,55.00,true,2026-01-16 17:07:49.791721+00,27,
929,,3,รสดีหมู 850 กรัม,Ros Dee Pork 850 g.,,,56.00,true,2026-01-16 17:07:49.791721+00,27,
930,,3,รสดีหมู 165 กรัม,Ros Dee Pork 165 g.,,,90.00,true,2026-01-16 17:07:49.791721+00,27,
931,,3,ผงรสดีพะโล้ 60 กรัม,Rosdee Pa-Lo Powder 60 g.,,,8.00,true,2026-01-16 17:07:49.791721+00,26,
932,,3,ผงรสดีต้มยำ 60 กรัม,Ros Dee Tom Yum Powder 60 g.,,,8.00,true,2026-01-16 17:07:49.791721+00,26,
933,,3,ผงรสดีลาบ 60 กรัม,Rosdee Larb Powder 60 g.,,,8.00,true,2026-01-16 17:07:49.791721+00,26,
934,,3,ผงฟ้าไทยน้ำใสสีเขียว 850 กรัม,Fah Thai powder clear green 850 g.,,,30.00,true,2026-01-16 17:07:49.791721+00,27,
935,,3,ผงฟ้าไทยน้ำใสสีเขียว 165 กรัม,Fah Thai powder clear green 165 g.,,,36.00,true,2026-01-16 17:07:49.791721+00,27,
936,,3,ผงฟ้าไทยน้ำข้นสีส้ม 850 กรัม,Fah Thai powder condensed orange 850 g.,,,30.00,true,2026-01-16 17:07:49.791721+00,29,
937,,3,ผงฟ้าไทยน้ำข้นสีส้ม 165 กรัม,Fah Thai powder condensed orange 165 g.,,,37.00,true,2026-01-16 17:07:49.791721+00,29,
938,,3,ผงทำแหนมตราโลโบ้ 70 กรัม,Lobo Fermented Sausage Powder 70 g.,,,16.00,true,2026-01-16 17:07:49.791721+00,29,
939,,3,ผงพะโล้ตราโลโบ้ 65 กรัม,Chinese Five Spice Powder Lobo 65 g.,,,12.00,true,2026-01-16 17:07:49.791721+00,26,
940,,3,ซอสฝาเขียว 200 มล,Green cap sauce 200ml.,,,25.00,true,2026-01-16 17:07:49.791721+00,27,
941,,3,ซอสฝาเขียว 600 มล,Green cap sauce 600 ml.,,,26.00,true,2026-01-16 17:07:49.791721+00,27,
942,,3,ซอสฝาเขียวแกนลอน 4500 ML,Green cap sauce gallon,,,42.00,true,2026-01-16 17:07:49.791721+00,27,
943,,3,อายิโนะโมะโต๊ะ 1000 กรัม,Aji 1000 g,,,100.00,true,2026-01-16 17:07:49.791721+00,27,
944,,3,อายิโนะโมะโต๊ะ 250 กรัม,Aji 250 g,,,105.00,true,2026-01-16 17:07:49.791721+00,27,
945,,3,อายิโนะโมะโต๊ะ 500 กรัม,Aji 500 g,,,96.00,true,2026-01-16 17:07:49.791721+00,27,
946,,3,น้ำส้ม อสร. ใหญ่,Orange juice Oror Ror. Yai,,,15.00,true,2026-01-16 17:07:49.791721+00,27,
947,,3,น้ำส้ม อสร. เล็ก,Orange juice Oror Ror. Small,,,20.00,true,2026-01-16 17:07:49.791721+00,27,
948,,3,กะทิอัมพวา 1000 มล,Amphawa coconut milk 1000 ml,,,44.00,true,2026-01-16 17:07:49.791721+00,27,
949,,3,กะทิอัมพวา 500 มล,Amphawa coconut milk 500 ml,,,47.00,true,2026-01-16 17:07:49.791721+00,27,
950,,3,กะทิชาวเกาะ 1000 มล,Island coconut milk 1000 ml.,,,38.00,true,2026-01-16 17:07:49.791721+00,27,
951,,3,กะทิชาวเกาะ 250 มล,Island coconut milk 250 ml.,,,38.00,true,2026-01-16 17:07:49.791721+00,27,
952,,3,กะทิอร่อยดี 1000 มล.,Coconut milk delicious 1000 ml.,,,42.00,true,2026-01-16 17:07:49.791721+00,27,
953,,3,กะทิอร่อยดี 500 มล.,Coconut milk delicious 500 ml.,,,44.00,true,2026-01-16 17:07:49.791721+00,27,
954,,3,กะทิอร่อยดี 250 มล.,Coconut milk delicious 250 ml.,,,38.00,true,2026-01-16 17:07:49.791721+00,27,
955,,3,เต้าเจียวเด็กสมบูรณ์ เล็ก 350 ml,Healthy Baby Soybean Paste small,,,27.00,true,2026-01-16 17:07:49.791721+00,27,
956,,3,เต้าเจียวเด็กสมบูรณ์ ใหญ่ 850 ml,Healthy Baby Soybean Paste Large,,,21.00,true,2026-01-16 17:07:49.791721+00,27,
957,,3,ซีอิ๊วขาวเด็กสมบูรณ์ 300 มล,Healthy Baby Light Soy Sauce 300 ml.,,,30.00,true,2026-01-16 17:07:49.791721+00,27,
958,,3,ซีอิ๊วขาวเด็กสมบูรณ์ 600 มล,Healthy Baby Light Soy Sauce 600 ml.,,,28.00,true,2026-01-16 17:07:49.791721+00,27,
959,,3,ซีอิ๊วขาวเด็กสมบูรณ์ แกนลอน 4500 ml.,Healthy Baby Light Soy Sauce Gallon,,,39.00,true,2026-01-16 17:07:49.791721+00,27,
960,,3,ซีอิ๊วขาวเห็ดหอม เด็กสมบูรณ์,Mushroom Soy Sauce Healthy Baby,,,42.00,true,2026-01-16 17:07:49.791721+00,27,
961,,3,กะปิฝาแดง เล็ก,Shrimp paste red cap small,,,42.00,true,2026-01-16 17:07:49.791721+00,27,
962,,3,กะปิฝาแดง ใหญ่,Shrimp paste red cap large,,,55.00,true,2026-01-16 17:07:49.791721+00,27,
963,,3,กะปิกุ้งไทย 1000 กรัม,Shrimp Paste with Thai Shrimp 1000 g.,,,65.00,true,2026-01-16 17:07:49.791721+00,27,
964,,3,กะปิกุ้งไทย 400 กรัม,Shrimp Paste Thai Shrimp 400 g.,,,66.00,true,2026-01-16 17:07:49.791721+00,27,
965,,3,กะปิแกง,Shrimp Paste Curry,,,4.00,true,2026-01-16 17:07:49.791721+00,25,
966,,3,คนอร์หมูก้อน 20 กรัม,Knorr pork cubes 20 g.,,,24.00,true,2026-01-16 17:07:49.791721+00,29,
967,,3,คนอร์ไก่ก้อน 20 กรัม,Knorr Chicken Cubes 20 g.,,,24.00,true,2026-01-16 17:07:49.791721+00,29,
968,,3,คนอร์ต้มยำ ก้อน 20 กรัม,Knorr Tom Yum Cubes 20 g.,,,24.00,true,2026-01-16 17:07:49.791721+00,27,
969,,3,คนอร์ผง หมู 800 กรัม,Knorr pork powder 800 g.,,,45.00,true,2026-01-16 17:07:49.791721+00,27,
970,,3,คนอร์ผงไก่ 800 กรัม,Knorr Chicken Powder 1000 g.,,,50.00,true,2026-01-16 17:07:49.791721+00,27,
971,,3,ไฮคิว ซอสพริก แกนลอน 5000 ml.,Hi-Q Chili Sauce Gallon,,,8.00,true,2026-01-16 17:07:49.791721+00,33,
972,,3,ซอสพริกศรีราชา 570 มล.,Sriracha Chili Sauce 570 ml.,,,26.00,true,2026-01-16 17:07:49.791721+00,27,
973,,3,พริกป่นไร่ทิพย์ 500 กรัม,Raitip Chili Powder 500 g.,,,78.00,true,2026-01-16 17:07:49.791721+00,27,
974,,3,ซอสแม็กกี้ 680 มล ฝาเหลือง,Maggi sauce 680 ml yellow cap,,,40.00,true,2026-01-16 17:07:49.791721+00,27,
975,,3,ซอสแม็กกี้ 200 มล ฝาเหลือง,Maggi sauce 200 ml yellow cap,,,21.00,true,2026-01-16 17:07:49.791721+00,27,
976,,3,น้ำตาลปี๊บ บ้านแพ้ว,Palm Sugar Ban Phaeo,,,27.00,true,2026-01-16 17:07:49.791721+00,27,
977,,3,น้ำตาลปี๊บสุชาวดี (ชบา),Suchawadee Palm Sugar (Chaba),,,17.00,true,2026-01-16 17:07:49.791721+00,27,
978,,3,น้ำตาลปึก แดงบ้านสวน,Palm sugar red house garden,,,21.00,true,2026-01-16 17:07:49.791721+00,27,
979,,3,น้ำตาลทรายแดง กระสอบ,Brown sugar sack,,,38.00,true,2026-01-16 17:07:49.791721+00,38,
980,,3,น้ำตาลทรายขาว กระสอบ,White sugar sack,,,35.00,true,2026-01-16 17:07:49.791721+00,38,
981,,3,น้ำตาลทราย ลิน,Cane sugar Lin,,,2.00,true,2026-01-16 17:07:49.791721+00,25,
982,,3,น้ำตาลทรายมิตรผล 500 กรัม,Mitr Phol Sugar 500 g.,,,1.80,true,2026-01-16 17:07:49.791721+00,30,
983,,3,น้ำจิ้มสุกี้พันท้ายนรสิงห์ 300 มล,Pantainorasingh Suki Sauce 300 ml.,,,62.00,true,2026-01-16 17:07:49.791721+00,27,
984,,3,น้ำจิ้มสุกี้พันท้ายนรสิงห์ 830 มล,Pantainorasingh Suki Sauce 830 ml.,,,59.00,true,2026-01-16 17:07:49.791721+00,27,
985,,3,น้ำจิ้มไก่แอโร่แกนลอน 5000 ml. (ลัง),Hero Chicken Dipping Sauce Gallon Box,,,38.00,true,2026-01-16 17:07:49.791721+00,27,
986,,3,น้ำจิ้มไก่แอโร่แกนลอน 5000 ml.,Hero Chicken Dipping Sauce Gallon,,,10.00,true,2026-01-16 17:07:49.791721+00,33,
987,,3,ซอสหอยนางรมตราแม่ครัว 300 มล.,Mae Krua Oyster Sauce 300 ml.,,,22.00,true,2026-01-16 17:07:49.791721+00,27,
988,,3,ซอสหอยนางรมตราแม่ครัว 150 มล.,Mae Krua Oyster Sauce 150 ml.,,,30.00,true,2026-01-16 17:07:49.791721+00,27,
989,,3,ซอสหอยนางรมตราแม่ครัว 600 มล.,Mae Krua Oyster Sauce 600 ml.,,,29.00,true,2026-01-16 17:07:49.791721+00,27,
990,,3,ซอสหอยนางรมตราแม่ครัว แกนลอน 4500 ml.,Maekrua oyster sauce gallon,,,48.00,true,2026-01-16 17:07:49.791721+00,27,
991,,3,นมสดคาเน่ชั่น 379 ml.,Carnation fresh milk,,,53.00,true,2026-01-16 17:07:49.791721+00,32,
992,,3,นมข้นคาเน่ชั้น 380 ml,Carnation Condensed Milk,,,50.00,true,2026-01-16 17:07:49.791721+00,32,
993,,3,นมสดนกเหยี่ยว 360 ml.,Falcon fresh milk,,,55.00,true,2026-01-16 17:07:49.791721+00,32,
994,,3,ปลากระป๋องสามแม่ครัวฝางัด 155 g.,Three Lady Cooks Canned Fish,,,90.00,true,2026-01-16 17:07:49.791721+00,27,
995,,3,ปลากระป๋องสามแม่ครัวฝาดึง 155 g.,Three Chefs canned fish,,,100.00,true,2026-01-16 17:07:49.791721+00,27,
996,,3,แป้งโกกิ 500 กรัม,Gogi flour 500 grams,,,45.00,true,2026-01-16 17:07:49.791721+00,27,
997,,3,แป้งโกกิ 150 กรัม,Gogi flour 150 grams,,,46.00,true,2026-01-16 17:07:49.791721+00,27,
998,,3,แป้งขนมชั้น 500 g.,Layered pastry dough 500 g.,,,22.00,true,2026-01-16 17:07:49.791721+00,27,
999,,3,แป้งข้าวเจ้าสามเศียร 500 g.,Three heads rice flour 500 g.,,,16.00,true,2026-01-16 17:07:49.791721+00,27,
1000,,3,แป้งทอดกรอบครัววังทิพย์ 1000 g.,Krua Wang Thip Crispy Flour 1000 g.,,,30.00,true,2026-01-16 17:07:49.791721+00,27,
1001,,3,แป้งทอดกรอบยูเอฟกรอบ 1 kg.,UFM Crispy Flour 1 kg.,,,30.00,true,2026-01-16 17:07:49.791721+00,27,
1002,,3,แป้งข้าวเหนียวบัวลอย 500 g.,Bualoy Sticky Rice Flour 500 g.,,,30.00,true,2026-01-16 17:07:49.791721+00,27,
1003,,3,แป้งถั่วเขียว 500 g.,Mung bean flour 500 g.,,,65.00,true,2026-01-16 17:07:49.791721+00,27,
1004,,3,แป้งท้าวยายหม่อม,Flour Thao Yai Mom,,,47.00,true,2026-01-16 17:07:49.791721+00,38,
1005,,3,แป้งมันสามเศียร 1000 g.,Sweet potato flour 1000 g.,,,16.00,true,2026-01-16 17:07:49.791721+00,27,
1006,,3,แป้งสาลีตราว่าว 1000 g.,Kite brand wheat flour 1000 g.,,,19.00,true,2026-01-16 17:07:49.791721+00,27,
1007,,3,วุ้นเส้นต้นสน 500 กรัม,Pine vermicelli 500 g.,,,70.00,true,2026-01-16 17:07:49.791721+00,27,
1008,,3,วุ้นเส้นต้นสน 80 กรัม,Pine vermicelli 80 g.,,,75.00,true,2026-01-16 17:07:49.791721+00,27,
1009,,3,วุ้นเส้นต้นถั่ว 500 กรัม,Bean vermicelli 500 g.,,,62.00,true,2026-01-16 17:07:49.791721+00,27,
1010,,3,น้ำมันองุ่น 1000 มล,Grapeseed oil 1000 ml,,,41.00,true,2026-01-16 17:07:49.791721+00,27,
1011,,3,น้ำมันองุ่น 500 มล,Grapeseed oil 500 ml,,,45.00,true,2026-01-16 17:07:49.791721+00,27,
1012,,3,น้ำมันมรกต 1000 มล,Emerald Oil 1000 ml,,,40.00,true,2026-01-16 17:07:49.791721+00,27,
1013,,3,น้ำมันมรกต 500 มล,Emerald Oil 500 ml,,,38.00,true,2026-01-16 17:07:49.791721+00,27,
1014,,4,ไวตามิลล์ 330มล.,VITAMILK SOYA MILK DRINK,,,17.00,true,2026-01-16 17:07:49.791721+00,26,
1015,,4,ไวตามิลชาไทย330ml,Thai Tea Vitamins,,,21.00,true,2026-01-16 17:07:49.791721+00,26,
1016,,4,ไวตามิลล์งาดำ 330มล.,VITAMILK SOYA MILK DRINK,,,18.00,true,2026-01-16 17:07:49.791721+00,26,
1017,,4,ไวตามิลชาไทย330ml,Thai Tea Vitamins,,,21.00,true,2026-01-16 17:07:49.791721+00,26,
1018,,4,แลคตาซอย 300 มล.,Lactasoy UHT 300ML.,,,20.00,true,2026-01-16 17:07:49.791721+00,26,
1019,,4,แลคตาซอย200ml.,Lactasoy 200ml.,,,16.00,true,2026-01-16 17:07:49.791721+00,26,
1020,,4,แลคตาซอย 125 มล.,Lactasoy UHT 125 ML.,,,18.00,true,2026-01-16 17:07:49.791721+00,26,
1021,,4,นมโฟโมส 369 โอเมก้า 180 มล ลัง,Foremost Omega 369 180 ML.,,,22.00,true,2026-01-16 17:07:49.791721+00,26,
1022,,4,นมไทยเดนมาร์ค 125 มล,Thai Danish milk 125 ml,,,21.00,true,2026-01-16 17:07:49.791721+00,26,
1023,,4,นมไทยเดนมาร์ค 180 ml,Thai-Denmark Milk 180 ml,,,20.00,true,2026-01-16 17:07:49.791721+00,26,
1024,,4,นมไทยเดนมาร์คจืด,Thai Denmark Plain Milk,,,23.00,true,2026-01-16 17:07:49.791721+00,26,
1025,,4,นมไทยเดนมาร์คโอเมก้า ลัง,Thai Denmark Omega Milk,,,25.00,true,2026-01-16 17:07:49.791721+00,26,
1026,,4,นมดัชมิล คละรส ลัง,"Dutchmilk milk, assorted flavors, crate",,,23.00,true,2026-01-16 17:07:49.791721+00,26,
1027,,4,นมไทยเดนมาร์ค250มล.รสช็อคโกแลต,Thai Denmark Milk Chocolate Flavor,,,25.00,true,2026-01-16 17:07:49.791721+00,26,
1028,,4,ดัชมิลค์ซีเล็คเต็ด,Dutch Milk Selected,,,23.00,true,2026-01-16 17:07:49.791721+00,26,
1029,,4,นมเปรี้ยวดัชมิลคิดส์ 90 มล,Dutch Milk Kids Yogurt 90 ml.,,,15.00,true,2026-01-16 17:07:49.791721+00,26,
1030,,4,นมไฮคิวซุบเปอร์โกลด์ สูตร 4,Hi-Q Super Gold Formula 4 milk,,,36.00,true,2026-01-16 17:07:49.791721+00,26,
1031,,4,นมไทยเดนมาร์ครสหวาน250ml,Thai Denmark Sweetened Milk 250ml,,,25.00,true,2026-01-16 17:07:49.791721+00,26,
1032,,4,กาแฟเบอร์ดี้เขียว 180 มล.,Birdy Green Coffee 180 ml.,,,16.00,true,2026-01-16 17:07:49.791721+00,32,
1033,,4,กาแฟเบอดี้ลาเต้,Birdy,,,23.00,true,2026-01-16 17:07:49.791721+00,26,
1034,,4,เบอร์ดี้แดง กป.,Red Birdie K.P.,,,21.00,true,2026-01-16 17:07:49.791721+00,26,
1035,,4,เบอร์ดี้เขียว กป.,Coffee Drinking,,,22.00,true,2026-01-16 17:07:49.791721+00,26,
1036,,4,กาแฟเบอร์ดี้ดำ ลัง,Birdy Black Coffee,,,21.00,true,2026-01-16 17:07:49.791721+00,26,
1037,,4,เบอร์ดี้ลาเต้ 180ml*30,Birdy Latte 180ml,,,21.00,true,2026-01-16 17:07:49.791721+00,26,
1038,,4,เบอร์ดี้เอสเปรสโซ 180ml*30,Birdy Espresso,,,23.00,true,2026-01-16 17:07:49.791721+00,26,
1039,,4,กาแฟตรามือ,Hand Brand Coffee,,,40.00,true,2026-01-16 17:07:49.791721+00,26,
1040,,4,กาแฟตรามังกรบิน*6 ลัง,Flying Dragon Coffee,,,30.00,true,2026-01-16 17:07:49.791721+00,26,
1041,,4,กาแฟ,Coffee,,,45.00,true,2026-01-16 17:07:49.791721+00,26,
1042,,4,กาแฟเนเจอร์กิ๊ฟ,Nature Gift Coffee,,,6.00,true,2026-01-16 17:07:49.791721+00,26,
1043,,4,กาแฟเนเจอร์ก็ฟ,Nature Gift Coffee,,,6.00,true,2026-01-16 17:07:49.791721+00,26,
1044,,4,กระทิงแดง,Red Bull,,,26.00,true,2026-01-16 17:07:49.791721+00,26,
1045,,4,C-vit รสเลมอน,C-vit lemon flavor,,,21.00,true,2026-01-16 17:07:49.791721+00,26,
1046,,4,คาราบาวแดง,Red Carabao,,,22.00,true,2026-01-16 17:07:49.791721+00,26,
1047,,4,ฉลาม,shark,,,26.00,true,2026-01-16 17:07:49.791721+00,26,
1048,,4,ดอยคำมะเขือเทศโซเดียมต่ำ ลัง,"Doi Kham low sodium tomatoes, crate",,,33.00,true,2026-01-16 17:07:49.791721+00,26,
1049,,4,ชาตรางู,HAND TEA DUST,,,37.00,true,2026-01-16 17:07:49.791721+00,26,
1050,,4,ชาตรามือเขียว,HAND TEA DUST,,,38.00,true,2026-01-16 17:07:49.791721+00,26,
1051,,4,ชาตรามือแดง400g,HAND TEA DUST,,,38.00,true,2026-01-16 17:07:49.791721+00,26,
1052,,4,เนสกาแฟโรบัสต้า 180 มล,Nescafe Robusta 180 ml,,,21.00,true,2026-01-16 17:07:49.791721+00,32,
1053,,4,เฮลบลูบอยแดง,Sweet drink,,,38.00,true,2026-01-16 17:07:49.791721+00,26,
1054,,4,เฮลบลูบอยเขียว,Sweet drink,,,38.00,true,2026-01-16 17:07:49.791721+00,26,
1055,,4,เอ็ม-150,M-150,,,26.00,true,2026-01-16 17:07:49.791721+00,26,
1056,,4,เสือ 11 ตัว ลัง,"11 tigers, crate",,,55.00,true,2026-01-16 17:07:49.791721+00,26,https://xgqnomwlkgsacnnwdlyk.supabase.co/storage/v1/object/public/ProductImage/products/1768811384711-a1_a__a__a1_a__a__a1_2.png
1057,,4,เย็นเย็น,Yen-Yen,,,19.00,true,2026-01-16 17:07:49.791721+00,26,
1058,,4,C-vit รสทับทิม,C-vit pomegranate flavor,,,21.00,true,2026-01-16 17:07:49.791721+00,26,
1059,,4,C-vit รสส้ม,C-vit orange flavor,,,21.00,true,2026-01-16 17:07:49.791721+00,26,
1060,,4,เคลลี่มะขาม,KELLY FRUIT DRINK,,,15.00,true,2026-01-16 17:07:49.791721+00,26,
1061,,4,เนสกาแฟลาเต้,Nescafe Latte,,,23.00,true,2026-01-16 17:07:49.791721+00,26,
1062,,4,โออิชิน้ำผึ้งมะนาว,Oichi Green Tea 500 ML.,,,21.00,true,2026-01-16 17:07:49.791721+00,26,
1063,,4,โออิชิดั้งเดิม(เขียว),Oichi Green Tea 500 ML.,,,21.00,true,2026-01-16 17:07:49.791721+00,26,
1064,,4,โออิชิข้าวญี่ปุ่น,Oichi Green Tea 500 ML.,,,21.00,true,2026-01-16 17:07:49.791721+00,26,
1065,,4,โออิชิแบล็คที 500มล.,Oichi Green Tea 500 ML.,,,21.00,true,2026-01-16 17:07:49.791721+00,26,
1066,,4,โออิชิ รสองุ่นเคียวโฮผสมวุ้น,Oishi Kyoho Grape Flavor with Jelly,,,17.00,true,2026-01-16 17:07:49.791721+00,26,
1067,,4,โซดา,SODA,,,12.00,true,2026-01-16 17:07:49.791721+00,32,
1068,,4,โค้กซีโร่แคน 325 มล,Coke Zero can 325 ml,,,18.00,true,2026-01-16 17:07:49.791721+00,29,
1069,,4,บีทาเก้นไลท์ 400มล.,Betagen 400ML.,,,2.00,true,2026-01-16 17:07:49.791721+00,28,
1070,,4,ลิโพ,Li-Po,,,28.00,true,2026-01-16 17:07:49.791721+00,26,
1071,,4,สปอนเซอร์ขวด 250มล,SPONSOR CANNED/BOTTLE DRINK 300ML,,,15.00,true,2026-01-16 17:07:49.791721+00,26,
1072,,4,บัดดี้ส้มขวด 250มล.,Refreshments(Buddy),,,8.00,true,2026-01-16 17:07:49.791721+00,29,
1073,,4,บัดดี้สไปร์ทขวด 250มล.,Refreshments (Buddy),,,8.00,true,2026-01-16 17:07:49.791721+00,29,
1074,,4,บัดดี้โค้กขวด 250มล.,Refreshments (Buddy),,,8.00,true,2026-01-16 17:07:49.791721+00,29,
1075,,4,บัดดี้แดงขวด 250มล.,Refreshments (Buddy),,,8.00,true,2026-01-16 17:07:49.791721+00,29,
1076,,4,บัดดี้เขียวขวด 250มล.,Refreshments(Buddy),,,8.00,true,2026-01-16 17:07:49.791721+00,29,
1077,,4,นมดีน่างาดำ 180 มล น้ำตาลน้อย,"Black sesame Dina milk 180 ml, low sugar",,,23.00,true,2026-01-16 17:07:49.791721+00,26,
1078,,4,นมบีท้าเก้น 400ML,Betagen Milk,,,1.50,true,2026-01-16 17:07:49.791721+00,28,
1079,,4,นมบีท้าเก้น 700 ML,Betagen Milk,,,2.30,true,2026-01-16 17:07:49.791721+00,28,
1080,,4,นมสดคาร์เนชั่น,fresh milk,,,53.00,true,2026-01-16 17:07:49.791721+00,32,
1081,,4,นมสดนกเหยี่ยว,Falcon fresh milk,,,48.00,true,2026-01-16 17:07:49.791721+00,32,
1082,,4,นมข้นคาร์เนชั่น,Carnation Condensed Milk 380 ml,,,50.00,true,2026-01-16 17:07:49.791721+00,26,
1083,,4,สปอนเซอร์ขวด 250มล,SPONSOR CANNED/BOTTLE DRINK 300ML,,,15.00,true,2026-01-16 17:07:49.791721+00,26,
1084,,4,กาแฟนางบี,Coffee Bee,,,8.00,true,2026-01-16 17:07:49.791721+00,30,
1085,,4,โกโก้นางบี,Bee's Cocoa,,,8.00,true,2026-01-16 17:07:49.791721+00,30,
1086,,4,ติ่งฟง น้ำหวานคละรส,Tingfong Namwan,,,4.00,true,2026-01-16 17:07:49.791721+00,28,
1087,,6,น้ำปลาร้าเจ๊เดือนขวดเหลี่ยม,"Je Duan fermented fish sauce, square bottle",,,14.00,true,2026-01-16 17:07:49.791721+00,29,
1088,,6,น้ำปลาร้าเจ๊เดือนขวดกลม,"Jae Duean fermented fish sauce, round bottle",,,16.00,true,2026-01-16 17:07:49.791721+00,29,
1089,,6,น้ำปลาร้าแม่เหรียญ แพ็ค,Mae Rian Fermented Fish Sauce,,,15.00,true,2026-01-16 17:07:49.791721+00,29,
1090,,6,น้ำปลาร้าไมค์ ลัง,thai fermen ted fish sauce pastesteuriz,,,39.00,true,2026-01-16 17:07:49.791721+00,26,
1091,,6,น้ำปลาร้าแม่บุญล้ำ,Mae Bun Lam Fermented Fish Sauce,,,15.00,true,2026-01-16 17:07:49.791721+00,29,
1092,,6,น้ำปลาร้าอิพิม,Ipim fermented fish sauce,,,45.00,true,2026-01-16 17:07:49.791721+00,26,
1093,,6,น้ำปลาร้าหม่ำ ลัง,Mum fermented fish sauce,,,24.00,true,2026-01-16 17:07:49.791721+00,26,
1094,,6,น้ำปลาร้าแม่ตุ๊ก,Mae Tuk fermented fish sauce,,,42.00,true,2026-01-16 17:07:49.791721+00,29,
1095,,6,น้ำปลาร้านายพล,General fermented fish sauce,,,15.00,true,2026-01-16 17:07:49.791721+00,29,
1096,,6,น้ำปลาร้ากาฬสินธุฝาชมพู,"Kalasin fermented fish sauce, pink cap",,,12.00,true,2026-01-16 17:07:49.791721+00,29,
1097,,6,น้ำปลาร้าเชฟไพทูรย์,Chef Paitoon Fermented Fish Sauce,,,16.00,true,2026-01-16 17:07:49.791721+00,29,
1098,,6,น้ำปลาร้ากาฬสินธุ์เหลือง,Pickled fish,,,12.00,true,2026-01-16 17:07:49.791721+00,29,
1099,,6,น้ำปลาร้าตำมั่ว ลัง,"Tammu fermented fish sauce, crate",,,36.00,true,2026-01-16 17:07:49.791721+00,26,
1100,,6,น้ำปลาร้าตำนัว ลัง,Tamnua fermented fish sauce,,,35.00,true,2026-01-16 17:07:49.791721+00,26,
1101,,6,น้ำปลาร้าน้องพร ลัง,Nong Phon's fish sauce,,,48.00,true,2026-01-16 17:07:49.791721+00,26,
1102,,6,น้ำปลาร้าภาทอง,Phathong fermented fish sauce,,,8.00,true,2026-01-16 17:07:49.791721+00,29,
1103,,6,น้ำปลาร้าสุนารี,Sunaree's fermented fish sauce,,,23.00,true,2026-01-16 17:07:49.791721+00,26,
1104,,6,น้ำปลาร้าศิริพร,Siriporn fermented fish sauce,,,16.00,true,2026-01-16 17:07:49.791721+00,29,
1105,,6,น้ำปลาร้าไทยนิยมแดง,Thai fermented fish sauce is popular,,,13.00,true,2026-01-16 17:07:49.791721+00,29,
1106,,6,น้ำปลาร้านางฟ้า/โหน่ง,Angel fermented fish sauce,,,40.00,true,2026-01-16 17:07:49.791721+00,26,
1107,,7,หน่อฝอย ปิ๊บ,Shredded shoots,,,29.00,true,2026-01-16 17:07:49.791721+00,36,
1108,,7,หน่อยอดปิ๊บ,PREPARED BAMBOO SHOOTS,,,34.00,true,2026-01-16 17:07:49.791721+00,36,
1109,,7,หน่อแผ่นดอง ปิ๊บ,PREPARED BAMBOO SHOOTS,,,25.00,true,2026-01-16 17:07:49.791721+00,36,
1110,,7,หน่อสับปิ๊ป,PREPARED BAMBOO SHOOTS,,,25.00,true,2026-01-16 17:07:49.791721+00,36,
1111,,7,หน่อเปลือกปิ๊บ,PREPARED BAMBOO SHOOTS,,,29.00,true,2026-01-16 17:07:49.791721+00,36,
1112,,7,กระเทียมดอง (ปิ๊บ),GARLIC IN BRINE,,,40.00,true,2026-01-16 17:07:49.791721+00,36,
1113,,7,ไชโป้หวานสับ(ปิ๊บ),Sweet radish,,,45.00,true,2026-01-16 17:07:49.791721+00,36,
1114,,7,ผักกาดดอง(ปิ๊บ),Preserved Lettuce,,,17.00,true,2026-01-16 17:07:49.791721+00,36,
1115,,7,ไชโป๊ฝอยหวานเส้น (ปี๊บ),shredded sweet radish,,,52.00,true,2026-01-16 17:07:49.791721+00,36,
1116,,7,ปลาร้ารวม(ปี๊บ),Pickled fish,,,35.00,true,2026-01-16 17:07:49.791721+00,36,
1117,,7,ปลาร้ากระดี่ปั๊บ,Pickled fish,,,38.00,true,2026-01-16 17:07:49.791721+00,36,
1118,,7,หน่อซุป ปี๊บ,PREPARED BAMBOO SHOOTS,,,30.00,true,2026-01-16 17:07:49.791721+00,36,
1119,,7,ปลาร้าบด ปิ๊บ,Pickled fish,,,38.00,true,2026-01-16 17:07:49.791721+00,36,
1120,,7,ปลาร้าต้มหนองคาย (ปี๊บ),Nong Khai Style Boiled Fermented Fish (Tin/Pail),,,65.00,true,2026-01-16 17:07:49.791721+00,36,
1121,,7,น้ำตาลปี๊บ(ปิ๊บ),PALM SUGAR,,,40.00,true,2026-01-16 17:07:49.791721+00,36,
1122,,7,หน่อไม้พม่า กก,Burmese bamboo shoots,,,50.00,true,2026-01-16 17:07:49.791721+00,36,
1123,,7,หน่อฝอยตราไก่,Chicken Brand Shredded Bamboo Shoots,,,30.00,true,2026-01-16 17:07:49.791721+00,36,
1124,,7,หน่อยอดตราไก่,Chicken Brand Noyod,,,34.00,true,2026-01-16 17:07:49.791721+00,36,
1125,,8,กล้วย2.50,Banana,,,2.50,true,2026-01-16 17:07:49.791721+00,35,
1126,,8,เผือก,taro,,,3.50,true,2026-01-16 17:07:49.791721+00,25,
1127,,8,กระท้อนสด,Preserve,,,4.00,true,2026-01-16 17:07:49.791721+00,25,
1128,,8,ส้มเขียวหวาน คัดพิเศษ,Specially selected tangerines,,,3.00,true,2026-01-16 17:07:49.791721+00,25,
1129,,8,มังคุด,mangosteen,,,4.00,true,2026-01-16 17:07:49.791721+00,25,
1130,,8,เงาะ,Rambutan,,,4.00,true,2026-01-16 17:07:49.791721+00,25,
1131,,8,มะม่วงเขียว,Green Mango,,,4.00,true,2026-01-16 17:07:49.791721+00,25,
1132,,8,มะม่วงเขียวมรกต,Emerald Mango,,,2.50,true,2026-01-16 17:07:49.791721+00,25,
1133,,8,มะม่วงโชค,Chockanan Mango,,,3.50,true,2026-01-16 17:07:49.791721+00,25,
1134,,8,มะม่วงพิมเสน,Borneo camphor,,,3.50,true,2026-01-16 17:07:49.791721+00,25,
1135,,8,มะม่วงแก้วขมิ้น สุก,Turmeric Mango,,,5.00,true,2026-01-16 17:07:49.791721+00,25,
1136,,8,มะม่วงแก้วขมิ้นดิบ,Mango Kaew variety,,,3.50,true,2026-01-16 17:07:49.791721+00,25,
1137,,8,มะม่วงน้ำดอกไม้,Mango,,,5.00,true,2026-01-16 17:07:49.791721+00,25,
1138,,8,มะม่วงเบา,Small Mango,,,3.00,true,2026-01-16 17:07:49.791721+00,25,
1139,,8,ลำไย,longan,,,4.00,true,2026-01-16 17:07:49.791721+00,25,
1140,,8,พุทธานมสด,fresh milk jujube,,,4.00,true,2026-01-16 17:07:49.791721+00,25,
1141,,8,ทุเรียน,DURIAN,,,8.00,true,2026-01-16 17:07:49.791721+00,25,
1142,,8,ขนุนอ่อน,Young Jackfruit,,,2.50,true,2026-01-16 17:07:49.791721+00,25,
1143,,8,ฟักทองลูกใหญ่,Pumpkin,,,2.50,true,2026-01-16 17:07:49.791721+00,25,
1144,,8,มะม่วงดองเปลือก,Picked Mango with peels,,,3.50,true,2026-01-16 17:07:49.791721+00,25,
1145,,8,มะม่วงดองไม่มีเปลือก,Picked Mango without peels,,,4.00,true,2026-01-16 17:07:49.791721+00,25,
1146,,8,มะปรางดอง,Picked Plum Mango,,,5.00,true,2026-01-16 17:07:49.791721+00,25,
1147,,8,มะดันดอง,Picked Madan,,,4.00,true,2026-01-16 17:07:49.791721+00,25,
1148,,8,มะขามดอง,Picked Tamarind,,,5.00,true,2026-01-16 17:07:49.791721+00,25,
1149,,8,มะยมดอง,Picked Star gooseberry,,,3.50,true,2026-01-16 17:07:49.791721+00,25,
1150,,8,องุ่นดอง,Picked Grapes,,,6.00,true,2026-01-16 17:07:49.791721+00,25,
1151,,8,พุทธาดอง,Picked Jujube,,,4.00,true,2026-01-16 17:07:49.791721+00,25,
1152,,9,กะเพรา,BASIL LEAF (Ka-prow),,,5.00,true,2026-01-16 17:07:49.791721+00,25,
1153,,9,โหรพา,BASIL LEAF(Holapa),,,5.00,true,2026-01-16 17:07:49.791721+00,25,
1154,,9,แมงลัก,Basil Leaf Lemon(Maenlak),,,5.00,true,2026-01-16 17:07:49.791721+00,25,
1155,,9,ผักชีฝรั่ง,Culantro (Phak chi farang) KG,,,4.00,true,2026-01-16 17:07:49.791721+00,25,
1156,,9,ผักชีลาว,Dill (Phak Chi),,,4.00,true,2026-01-16 17:07:49.791721+00,25,
1157,,9,ผักชีไทย,cooriander,,,7.00,true,2026-01-16 17:07:49.791721+00,25,
1158,,9,ขึ้นช่าย,spring steam,,,6.00,true,2026-01-16 17:07:49.791721+00,25,
1159,,9,ต้นหอม,SPRING ONIONS,,,4.00,true,2026-01-16 17:07:49.791721+00,25,
1160,,9,พริกไทยอ่อน,Fresh pepper corn,,,12.00,true,2026-01-16 17:07:49.791721+00,25,
1161,,9,ข่า,LENGKUAS,,,3.50,true,2026-01-16 17:07:49.791721+00,25,
1162,,9,ขิงแก่,Ginger(Khing),,,4.00,true,2026-01-16 17:07:49.791721+00,25,
1163,,9,ขิงซอย,Ginger(Khing),,,6.00,true,2026-01-16 17:07:49.791721+00,25,
1164,,9,กระชาย,Correspondents,,,3.00,true,2026-01-16 17:07:49.791721+00,25,
1165,,9,กระชายซอย,Krachai Soi,,,8.00,true,2026-01-16 17:07:49.791721+00,25,
1166,,9,ตะไคร้,Lemon Grass,,,2.00,true,2026-01-16 17:07:49.791721+00,25,
1167,,9,มะละกอ,PAPAYAS,,,2.50,true,2026-01-16 17:07:49.791721+00,25,
1168,,9,มะละกอสับ,Papaya,,,3.00,true,2026-01-16 17:07:49.791721+00,25,
1169,,9,ลูกมะกรูด,Bergamot,,,4.00,true,2026-01-16 17:07:49.791721+00,25,
1170,,9,ใบมะกรูด,KAFFIR LIME LEAVES,,,4.00,true,2026-01-16 17:07:49.791721+00,25,
1171,,9,ใบกระเจี๊ยบ,Okra Leaf,,,3.00,true,2026-01-16 17:07:49.791721+00,25,
1172,,9,ใบย่านาง กก.,yanang leaves,,,5.00,true,2026-01-16 17:07:49.791721+00,25,
1173,,9,ใบเตย พิเศษ,Banana Leaf (Extra),,,1.80,true,2026-01-16 17:07:49.791721+00,25,
1174,,9,ใบชะพลู (กก.),betel leaf,,,2.50,true,2026-01-16 17:07:49.791721+00,25,
1175,,9,ผักเหลียง,Liang leaf,,,8.00,true,2026-01-16 17:07:49.791721+00,25,
1176,,9,ใบมะขาม,tamarind leaves,,,5.00,true,2026-01-16 17:07:49.791721+00,25,
1177,,9,ขี้เหล็ก,Cassia,,,4.00,true,2026-01-16 17:07:49.791721+00,25,
1178,,9,ขี้เหล็กดอก,cassia flower,,,5.00,true,2026-01-16 17:07:49.791721+00,25,
1179,,9,ใบน้ำเต้า,Bottle Gourd Leaf,,,2.50,true,2026-01-16 17:07:49.791721+00,25,
1180,,9,ผักแม้ว,Chayote(Bai Mala Wann) Leaf,,,4.00,true,2026-01-16 17:07:49.791721+00,25,
1181,,9,ยอดมะพร้าว,coconut shoots,,,4.00,true,2026-01-16 17:07:49.791721+00,25,
1182,,9,ผักบุ้งจีน,KangKong (Phak Bung),,,3.00,true,2026-01-16 17:07:49.791721+00,25,
1183,,9,ผักบุ้งเทโพ,KangKong (Phak Bung),,,2.00,true,2026-01-16 17:07:49.791721+00,25,
1184,,9,ผักบุ้งแดง กก.,KangKong (Phak Bung),,,4.00,true,2026-01-16 17:07:49.791721+00,25,
1185,,9,ผักกาดดอก,Choi Flower /Pak Ka Dok,,,2.00,true,2026-01-16 17:07:49.791721+00,25,
1186,,9,ผักกาดหิน,STONE LETTUCE,,,2.50,true,2026-01-16 17:07:49.791721+00,25,
1187,,9,ผักแขยง,Kha-Yang,,,5.00,true,2026-01-16 17:07:49.791721+00,25,
1188,,9,ผักหวาน,Vegetables,,,9.00,true,2026-01-16 17:07:49.791721+00,25,
1189,,9,ผักกูด,Fern,,,3.50,true,2026-01-16 17:07:49.791721+00,25,
1190,,9,ผักแพรว,Vietnamese coriander,,,5.00,true,2026-01-16 17:07:49.791721+00,25,
1191,,9,คะน้า,KAILAN,,,2.00,true,2026-01-16 17:07:49.791721+00,25,
1192,,9,แขนง,baby kailan,,,3.50,true,2026-01-16 17:07:49.791721+00,25,
1193,,9,มะเขือเปราะ,BRINJAL,,,2.50,true,2026-01-16 17:07:49.791721+00,25,
1194,,9,มะเขือม่วง,Egg Plant,,,3.00,true,2026-01-16 17:07:49.791721+00,25,
1195,,9,มะเขือพวง,Egg Plant Pea(Makhuea Phuang),,,5.00,true,2026-01-16 17:07:49.791721+00,25,
1196,,9,มะเขือแพะ,Eggplant goat,,,3.50,true,2026-01-16 17:07:49.791721+00,25,
1197,,9,มะเขือเขียวยาว,Brinjl Green Long (Makhuea Yao Si Keaw),,,3.00,true,2026-01-16 17:07:49.791721+00,25,
1198,,9,มะเขือไข่เต่า,White /eggplaht,,,3.00,true,2026-01-16 17:07:49.791721+00,25,
1199,,9,มะขามอ่อน,Tamarind Fruit Green / Markam On,,,4.00,true,2026-01-16 17:07:49.791721+00,25,
1200,,9,มะนาว,LEMON,,,3.00,true,2026-01-16 17:07:49.791721+00,25,
1201,,9,สีดา,Sida,,,3.50,true,2026-01-16 17:07:49.791721+00,25,
1202,,9,มะระขึ้นก,Bitter Gourd (mara) Small,,,3.50,true,2026-01-16 17:07:49.791721+00,25,
1203,,9,ถั่วฝักยาว,Bean,,,4.00,true,2026-01-16 17:07:49.791721+00,25,
1204,,9,กระเฉดนวม,Chad-Num Fish,,,2.50,true,2026-01-16 17:07:49.791721+00,25,
1205,,9,ผักกระเฉด,wate mimosa,,,3.00,true,2026-01-16 17:07:49.791721+00,25,
1206,,9,บวบหอม,HAIRY GOURD,,,2.50,true,2026-01-16 17:07:49.791721+00,25,
1207,,9,ทูน,Thun,,,3.00,true,2026-01-16 17:07:49.791721+00,25,
1208,,9,สะเดา,Sadao Neem,,,6.00,true,2026-01-16 17:07:49.791721+00,25,
1209,,9,สาระแหน่,peppermint,,,9.00,true,2026-01-16 17:07:49.791721+00,25,
1210,,9,ชะอม,Cha-Om,,,15.00,true,2026-01-16 17:07:49.791721+00,25,
1211,,9,แตงกวาเล็ก,CUCUMBER SMALL,,,2.00,true,2026-01-16 17:07:49.791721+00,25,
1212,,9,แตงกวาใหญ่,CUCUMBER BIG,,,2.00,true,2026-01-16 17:07:49.791721+00,25,
1213,,9,บัวบกราชบุรี,Pennywork Leaf (Bai Bua Bok) NO ROOTS,,,4.00,true,2026-01-16 17:07:49.791721+00,25,
1214,,9,ดอกโสน,Sesbania,,,7.00,true,2026-01-16 17:07:49.791721+00,25,
1215,,9,มะระจีน,Bitter Gourd (Mara) Large,,,2.50,true,2026-01-16 17:07:49.791721+00,25,
1216,,9,ฟักเขียว,WINTER MELONS,,,1.50,true,2026-01-16 17:07:49.791721+00,25,
1217,,9,แฟง,Tallow Gourd,,,1.50,true,2026-01-16 17:07:49.791721+00,25,
1218,,9,ฟักทองไทย,PUMPKINS,,,2.50,true,2026-01-16 17:07:49.791721+00,25,
1219,,9,ถั่วแขก,string bean,,,4.00,true,2026-01-16 17:07:49.791721+00,25,
1220,,9,ถั่วพู,WINGED BEANS,,,4.00,true,2026-01-16 17:07:49.791721+00,25,
1221,,9,ถั่วลันเตา,Sugar Pea,,,6.00,true,2026-01-16 17:07:49.791721+00,25,
1222,,9,พริกหยวก,Sweet Pepper,,,4.00,true,2026-01-16 17:07:49.791721+00,25,
1223,,9,พริกชี้ฟ้าแดง,Red Chili,,,6.00,true,2026-01-16 17:07:49.791721+00,25,
1224,,9,พริกชี้ฟ้าเขียว,Green Chili,,,6.00,true,2026-01-16 17:07:49.791721+00,25,
1225,,9,พริกขี้หนูสวน,GARDEN CHILLI PADI,,,15.00,true,2026-01-16 17:07:49.791721+00,25,
1226,,9,พริกแดงจินดา,Red Chili Padi,,,10.00,true,2026-01-16 17:07:49.791721+00,25,
1227,,9,พริกเขียวจินดา,Green Chili Padi,,,8.00,true,2026-01-16 17:07:49.791721+00,25,
1228,,9,พริกแดงเด็ด,Red chili padi,,,12.00,true,2026-01-16 17:07:49.791721+00,25,
1229,,9,กะหล่ำปลี,CABBAGES,,,1.50,true,2026-01-16 17:07:49.791721+00,25,
1230,,9,กะหล่ำดอก,CAULIFLOWERS,,,3.00,true,2026-01-16 17:07:49.791721+00,25,
1231,,9,บล็อกโคลี่,BROCCOLI,,,5.00,true,2026-01-16 17:07:49.791721+00,25,
1232,,9,ถั่วต้ม,Peanuts,,,4.00,true,2026-01-16 17:07:49.791721+00,25,
1233,,9,เห็ดนางฟ้า,ABALONE MUSHROOM,,,6.00,true,2026-01-16 17:07:49.791721+00,25,
1234,,9,เห็ดหูหนู,EAR MUSHROOM,,,5.00,true,2026-01-16 17:07:49.791721+00,25,
1235,,9,เห็ดขอน,ABALONE MUSHROOM,,,7.00,true,2026-01-16 17:07:49.791721+00,25,
1236,,9,หยวกกล้วย,"Banana Stem, Young big",,,2.00,true,2026-01-16 17:07:49.791721+00,25,
1237,,9,มะเขือลายเล็ก,Egg Plant,,,3.00,true,2026-01-16 17:07:49.791721+00,25,
1238,,9,หน่อสดมีเปลือก,PREPARED BAMBOO SHOOTS,,,3.50,true,2026-01-16 17:07:49.791721+00,25,
1239,,9,หน่อสดปอก,Peeled fresh shoots,,,3.50,true,2026-01-16 17:07:49.791721+00,25,
1240,,9,พริกกะเหรี่ยง สด,Karen Chili,,,8.00,true,2026-01-16 17:07:49.791721+00,25,
1241,,9,หยวกกล้วย,"Banana Stem, Young big",,,2.00,true,2026-01-16 17:07:49.791721+00,25,
1242,,9,พริกแดงเด็ด,Red chili padi,,,12.00,true,2026-01-16 17:07:49.791721+00,25,
1243,,9,พริกเขียวเด็ด,Green Chilli Padi,,,8.00,true,2026-01-16 17:07:49.791721+00,25,
1244,,9,รากผักชี,Celery Root,,,10.00,true,2026-01-16 17:07:49.791721+00,25,
1245,,9,ใบมะกรูดหั่น,Chopped kaffir lime leaves,,,9.00,true,2026-01-16 17:07:49.791721+00,25,
1246,,9,ตะไคร้ หั่น,"Lemongrass, chopped",,,4.00,true,2026-01-16 17:07:49.791721+00,25,
1247,,9,ข่า หั่น,"Galangal, sliced",,,6.00,true,2026-01-16 17:07:49.791721+00,25,
1248,,9,มะเขือพวงเด็ด,Excellent eggplant,,,5.00,true,2026-01-16 17:07:49.791721+00,25,
1249,,9,หัวปลี(หัว),Banana Flower (Huapli),,,1.50,true,2026-01-16 17:07:49.791721+00,39,
1250,,9,สตอแกะ กก.,"Peeled stinky beans, kg",,,18.00,true,2026-01-16 17:07:49.791721+00,25,
1251,,9,รากชู,Su roots,,,6.00,true,2026-01-16 17:07:49.791721+00,25,
1252,,9,มะขามอ่อน,Tamarind Fruit Green / Markam On,,,4.00,true,2026-01-16 17:07:49.791721+00,25,
1253,,9,ฟักเขียว,gourd,,,2.00,true,2026-01-16 17:07:49.791721+00,25,
1254,,9,ลูกเนียงมีเปลือก,Niang,,,4.00,true,2026-01-16 17:07:49.791721+00,25,
1255,,9,ขนุนอ่อน,Young Jackfruit,,,2.50,true,2026-01-16 17:07:49.791721+00,25,
1256,,9,ลูกเนียงเพราะ,Germinated Djenkol Beans,,,6.00,true,2026-01-16 17:07:49.791721+00,25,